<?xml version="1.0" encoding="UTF-8"?>
<!DOCTYPE mapper PUBLIC "-//mybatis.org//DTD Mapper 3.0//EN" "http://mybatis.org/dtd/mybatis-3-mapper.dtd">

<mapper namespace="com.hallabong.hotelbooking.mapper.HotelBookingMapper">
	<!-- 	// list -->
	<select id="list" resultType="com.hallabong.hotelbooking.vo.HotelBookingVO">
	<![CDATA[
		select hbno, id, ro_no, progress
		from(
			select
			/*+ INDEX_DESC(hotel_booking_hbno_pk)*/
			 rownum rnum, hbno, id, ro_no, progress
			from hotel_booking
			where rownum <= #{endRow} 
		)
		where rnum > #{startRow} -1 
		]]>
		
		<!-- where #{endRow} -->
	</select>
	
	<select id="getTotalRow" resultType="Long" >
		select 
		count(*)
		from hotel_booking 
	</select>

	
	
	<!-- 	// view -->
	<select id="view" resultType="com.hallabong.hotelbooking.vo.HotelBookingVO">
		select hb.hbno, m.id, m.name, m.tel, m.email, hb.userName, hb.userTel, hb.userEmail, hb.payOption, hb.payDay, 
        hb.payType, hb.confirmNo,
		hb.bookingDate, hb.progress
		from hotel_booking hb, member m
		where hbno = #{hbno} and m.id = hb.id
	</select>
	
	<!-- 	// write처리 -->
	<insert id="write">
		insert into hotel_booking(hbno, userName, userTel, userEmail, payOption, payType, confirmNo)
		values(hotel_booking_seq.nextval,  #{userName}, #{userTel}, #{userEmail},#{payOption},#{payType},
		#{confirmNo}) 
	</insert>
	<insert id="insertSelectKey">
		<selectKey keyProperty="hbno" order="BEFORE" resultType="long">
			select hotel_booking_seqnextval from dual
		</selectKey>
		
		insert into hotel_booking(hbno, userName, userTel, userEmail, payOption, payType, confirmNo)
		values (#{hbno},  #{userName}, #{userTel}, #{userEmail},#{payOption},#{payType},
		#{confirmNo})
	</insert>
	
	
	
	<!-- 	// update처리 -->
	<update id="update">
		update hotel_booking set userName = #{userName}, userTel = #{userTel}, userEmail = #{userEmail}
		
		where hbno = #{hbno}
	</update>
	<!-- 	// delete 처리 -->
	<delete id="delete">
		delete from hotel_booking
		where hbno = #{hbno}
	</delete>

</mapper>