<?xml version="1.0" encoding="UTF-8"?>
<!DOCTYPE mapper PUBLIC "-//mybatis.org//DTD Mapper 3.0//EN" "http://mybatis.org/dtd/mybatis-3-mapper.dtd">

<mapper namespace="com.hallabong.hotelbookingdate.mapper.HotelBookingDateMapper">
	<!-- 	// list -->
	<select id="list" resultType="com.hallabong.hotelbookingdate.vo.HotelBookingDateVO">
	<![CDATA[
		select bono, ro_no, hbno,checkin, checkout
		from(
			select
			/*+ INDEX_DESC( hotel_booking_date hotel_booking_date_pk)*/
			 rownum rnum, bono, ro_no, hbno, checkin, checkout
			from hotel_booking_date
			WHERE ro_no = 1
		        AND bono > 0
		        AND ROWNUM <= #{pageObject.endRow} 
			
		)
		where rnum >= #{pageObject.startRow}
		]]>
		
		
	</select>
	
	<select id="getTotalRow" resultType="Long" >
	<![CDATA[
			select count(bono)
			from hotel_booking_date 
			where ro_no = 1
		]]>
	
	
	</select>

	
	<!-- 	// write처리 -->
	<insert id="write">
		INSERT INTO hotel_booking_date
		VALUES(hotel_booking_date_seq.nextval, '3', '#{hbno}', '#{checkin}','#{checkout}');
	</insert>
	<!-- 	// update처리 -->
	<update id="update">
		update hotel_booking set userName = #{userName}, userTel = #{userTel}, userEmail = #{userEmail}
		
		where hbno = #{hbno}
	</update>
	<!-- 	// delete 처리 -->
	<delete id="delete">
		delete from hotel_booking
		where hbno = #{hbno}
	</delete>

</mapper>