<?xml version="1.0" encoding="UTF-8"?>
<!DOCTYPE mapper PUBLIC "-//mybatis.org//DTD Mapper 3.0//EN" "http://mybatis.org/dtd/mybatis-3-mapper.dtd">

<mapper namespace ="com.hallabong.diner.mapper.DinerMapper">

	<select id="list" resultType="com.hallabong.diner.vo.DinerVO">
		select no, region, kind, name, image, introduce, hit
		from (
		select rownum rnum, no, region, kind, name, image, introduce, hit
		from (
		select no, region, kind, name, image, introduce, hit
		from diner 
		<include refid="search" />
		order by no desc
		)
		) where rnum between #{startRow} and #{endRow}
	</select>
	
	<select id="getTotalRow" resultType="Long">
		select count(*) from diner
		<include refid="search"/>
		
	</select>
	
	<sql id="search">
	<if test="word != null and word != ''">
			<!-- or, like -->
			where 1=0
				<if test="key.indexOf('r'.toString()) >= 0">
					or region like ${"'%" + word + "%'"}
				</if>
			
				<if test="key.indexOf('k'.toString()) >= 0">
					or kind like ${"'%" + word + "%'"}
				</if>
			
				<if test="key.indexOf('n'.toString()) >= 0">
					or name like ${"'%" + word + "%'"}
				</if>
			</if>
			</sql>
	

	
 	<select id="view" resultType="com.hallabong.diner.vo.DinerVO">
		select no, region, kind, name, address, tel, price, image, content, hours, park, hit
		from diner
		where no = #{no}
	
	</select>

	<update id="increase">
		update diner
		set hit = hit + 1
		where no = #{no}
	</update>
	
		<insert id="write">
		insert into diner(no, region, kind, name, address, tel, price, introduce, image, content, park, hours, id)
		values (diner_seq.nextval, #{region}, #{kind}, #{name}, #{address}, #{tel}, #{price}, #{introduce}, #{image}, #{content}, #{park}, #{hours}, #{id})
	</insert>
	
	<update id="update">
		update diner set region = #{region}, kind = #{kind}, name = #{name}, address = #{address}, tel = #{tel},
		price = #{price}, introduce = #{introduce}, image = #{image}, content = #{content}, park = #{park}, hours = #{hours}
		where no = #{no}
		
	</update>
	
	<delete id="delete">
		delete from diner
		where no = #{no}
	</delete>
	


</mapper>