<?xml version="1.0" encoding="UTF-8"?>
<beans:beans xmlns="http://www.springframework.org/schema/mvc"
	xmlns:xsi="http://www.w3.org/2001/XMLSchema-instance"
	xmlns:beans="http://www.springframework.org/schema/beans"
	xmlns:context="http://www.springframework.org/schema/context"
	xmlns:aop="http://www.springframework.org/schema/aop"
	xsi:schemaLocation="http://www.springframework.org/schema/mvc https://www.springframework.org/schema/mvc/spring-mvc.xsd
		http://www.springframework.org/schema/beans https://www.springframework.org/schema/beans/spring-beans.xsd
		http://www.springframework.org/schema/context https://www.springframework.org/schema/context/spring-context.xsd
		http://www.springframework.org/schema/aop http://www.springframework.org/schema/aop/spring-aop-4.3.xsd"
	xmlns:mvc="http://www.springframework.org/schema/mvc"
		>

	<!-- DispatcherServlet Context: defines this servlet's request-processing infrastructure -->
	
	<!-- Enables the Spring MVC @Controller programming model -->
	<annotation-driven />

	<!-- Handles HTTP GET requests for /resources/** by efficiently serving up static resources in the ${webappRoot}/resources directory -->
	<resources mapping="/resources/**" location="/resources/" />
	<resources mapping="/upload/**" location="/upload/" />
	<resources mapping="/js/**" location="/js/" />
	<resources mapping="/css/**" location="/css/" />
	<resources mapping="/mail/**" location="/mail/" />
	<resources mapping="/img/**" location="/img/" />
<mvc:resources mapping="/favicon.ico" location="/favicon.ico" />
	<!-- Resolves views selected for rendering by @Controllers to .jsp resources in the /WEB-INF/views directory -->
	<beans:bean class="org.springframework.web.servlet.view.InternalResourceViewResolver">
		<beans:property name="prefix" value="/WEB-INF/views/" />
		<beans:property name="suffix" value=".jsp" />
	</beans:bean>
	
	<beans:bean id="multipartResolver"
		class="org.springframework.web.multipart.support.StandardServletMultipartResolver">
	</beans:bean>
	
	
	
	
	<context:component-scan base-package="com.hallabong.*" />
	<context:annotation-config/>
	<aop:aspectj-autoproxy/>
	
	<mvc:interceptors>
		<mvc:interceptor>
		<!-- 권한 전체 패키지설정 -->
			<mvc:mapping path="/rentcarboard/**" /> 
			<mvc:mapping path="/rentcarbooking/**" /> 
			<mvc:mapping path="/carbasicinfo/**" /> 
			<mvc:mapping path="/carinsurance/**" /> 
			<mvc:mapping path="/companycars/**" /> 
			<mvc:mapping path="/rentcarcompany/**" /> 
			<!-- 로그인 필요없는 url 설정 -->
			<mvc:exclude-mapping path="/rentcarboard/rentCarBoardList.do"/>
			<mvc:exclude-mapping path="/rentcarboard/rentCarBoardView.do"/>
			<beans:bean class="com.hallabong.util.interceptor.CustomInterceptor" />
		</mvc:interceptor>
	</mvc:interceptors>
</beans:beans>
