<?xml version="1.0" encoding="UTF-8"?>
<!DOCTYPE XML>
<!-- 작성자 : 이영환 -->
<!-- 작성일 : 2020-06-03 -->
<!-- 꾸미기(레이아웃)에 대한 선언 -->
<decorators defaultdir="/WEB-INF/views/decorator">
	<!-- hello에 대한 요청이 들어오면 적용시키는 레이아웃 선언 -->
	<decorator name="main" page="default_decorator.jsp">
		<pattern>/list/view.do*</pattern>
		<pattern>/business/*</pattern>
		<pattern>/room/*</pattern>
		<pattern>/error/*</pattern>
		<pattern>/member/*</pattern>
		<pattern>/faq/*</pattern>
		<pattern>/qna/*</pattern>
		<pattern>/diner/*</pattern>
		<pattern>/tour/*</pattern>
		<pattern>/carbasicinfo/*</pattern>
		<pattern>/carinsurance/*</pattern>
		<pattern>/companycars/*</pattern>
		<pattern>/rentcarboard/*</pattern>
		<pattern>/rentcarcompany/*</pattern>
		<pattern>/rentcarbooking/*</pattern>
		<pattern>/hotelbooking/*</pattern>
		<pattern>/hotelbookingdate/*</pattern>
		<pattern>/room/*</pattern>
	</decorator>
	
	<!-- 게시판의 대한 요청 레이아웃 선언 -->

	<!-- 데코레이션에서 제외되는 요청을 선언 -->
	<excludes>
		<pattern>/member/readme.do</pattern>
	</excludes>
</decorators>