<?xml version="1.0" encoding="UTF-8"?>
<beans xmlns="http://www.springframework.org/schema/beans"
	xmlns:xsi="http://www.w3.org/2001/XMLSchema-instance"
	xmlns:context="http://www.springframework.org/schema/context"
	xmlns:mybatis-spring="http://mybatis.org/schema/mybatis-spring"
	xmlns:aop="http://www.springframework.org/schema/aop"
	xmlns:task="http://www.springframework.org/schema/task"
	xmlns:tx="http://www.springframework.org/schema/tx"
	xsi:schemaLocation="http://mybatis.org/schema/mybatis-spring http://mybatis.org/schema/mybatis-spring-1.2.xsd
		http://www.springframework.org/schema/task http://www.springframework.org/schema/task/spring-task-4.3.xsd
		http://www.springframework.org/schema/beans https://www.springframework.org/schema/beans/spring-beans.xsd
		http://www.springframework.org/schema/context http://www.springframework.org/schema/context/spring-context-4.3.xsd
		http://www.springframework.org/schema/aop http://www.springframework.org/schema/aop/spring-aop-4.3.xsd
		http://www.springframework.org/schema/tx http://www.springframework.org/schema/tx/spring-tx-4.3.xsd">
	
	<!-- Root Context: defines shared resources visible to all other web components -->
	<!-- bean tag 선언 : 객체를 생성하고 저장해 놓으라는 선언 -->
	<!-- HikariCP의 설정 -->
	<bean id="hikariConfig" class="com.zaxxer.hikari.HikariConfig">

   
		<property name="driverClassName" value="net.sf.log4jdbc.sql.jdbcapi.DriverSpy" />
		<property name="jdbcUrl" value="jdbc:log4jdbc:oracle:thin:@192.168.0.146:1521:xe" />
		<property name="username" value="Hallabong" />
		<property name="password" value="Hallabong" />

	</bean>
	
	<!-- HikariCP 사용 객체 -->
	<bean id="dataSource" class="com.zaxxer.hikari.HikariDataSource" destroy-method="close">
		<!-- constructor-arg tag : 생성자를 이용한 데이터 셋팅 -->
		<constructor-arg ref="hikariConfig" />
	</bean>
	
	<!-- ORM : Mybatis에 대한 설정 - DAO 프로그램의 자동화 -->
	<bean id="sqlSessionFactory" class="org.mybatis.spring.SqlSessionFactoryBean">
	 	<property name="dataSource" ref="dataSource" />
	</bean>
	
	<mybatis-spring:scan base-package="com.hallabong"/>
	
	<context:component-scan base-package="com.hallabong.service" />
	<context:component-scan base-package="com.hallabong.task" />
	
	<task:annotation-driven/>

	<bean id="transactionManager"
	 class="org.springframework.jdbc.datasource.DataSourceTransactionManager">
		<property name="dataSource" ref="dataSource"></property> 
	</bean>
	
	<tx:annotation-driven/>
	
<!--  	<context:property-placeholder location="classpath:/db-config/email.properties" />  -->

   <!-- 이메일 인증 관련 빈 등록 -->
   <bean id="mailSender" class="org.springframework.mail.javamail.JavaMailSenderImpl">
      <property name="host" value="smtp.gmail.com" />
      <property name="port" value="587" />
      <property name="username" value="hallabongMaster" />
      <property name="password" value="sydo rvcm vuek zvju" />
      <property name="javaMailProperties">
         <props>
                <prop key="mail.transport.protocol">smtp</prop>
                <prop key="mail.smtp.auth">true</prop>
                <!-- gmail의 경우 보안문제 업데이트로 인해 SSLSocketFactory를 추가해야 smtp 사용 가능. -->
                <prop key="mail.smtp.socketFactory.class">javax.net.ssl.SSLSocketFactory</prop>
                <prop key="mail.smtp.starttls.enable">true</prop>
                <prop key="mail.debug">true</prop>
                <prop key="mail.smtp.ssl.trust">smtp.gmail.com</prop>
				<prop key="mail.smtp.ssl.protocols">TLSv1.2</prop>
            </props>
      </property>
      
   </bean>
	
</beans>
